{"vla": {"pixels": {"before": {"aperture": ["(0.16356323139552653+0.1341120193262694j)", "(-0.014080578945076645+0.008559547610143933j)", "(0.005578960141943059-0.0026234529397316407j)", "(0.00011695908125435028-0.010434225882465974j)"], "beam": ["(0.3775459725445415+0.01700378977971338j)", "(0.005325479313356361+0.0053014302139075134j)", "(0.0049052256452929216+0.0009750495131992942j)", "(0.017353553691278667+0.002942470662099417j)"]}, "after": {"aperture": ["(0.08506876940495461-0.0029793946597864492j)", "(-0.004228311067122702+0.024896404202026514j)", "(0.011915433883451312+0.008998614678738573j)", "(0.008958346434819096-0.011575379176689127j)"], "beam": ["(0.31605893589116174+0.007163743195687165j)", "(0.0005403801984583474+0.005816515888842569j)", "(0.0038317178450748583+0.006004584318677409j)", "(0.00452260775119992-0.0005053837601266729j)"]}}, "cell_size": [-0.000719484970141879, 0.000719484970141879], "grid_size": [28, 28], "offsets": [-99.33925537216628, 61.514235129728704, -1.203984053014354, 133.2071923355062]}}